id,text
1,"The book arrived in perfect condition and the story had me hooked from the very first page. Absolutely loved it!"
2,"Incredibly boring and poorly written. I could barely finish the first chapter. Total waste of time."
3,"It's a decent read, nothing extraordinary. Arrived on time."
4,"The author's writing style is beautiful and the characters felt so real. Five stars for this masterpiece!"
5,"The plot was way too predictable and the ending felt rushed. Very disappointed."
6,"Shipping took three weeks. No updates from the seller whatsoever."
7,"Exactly as described. A gripping story with well-developed characters. Good value for money."
8,"Amazing book! My whole family enjoyed reading it. Will definitely order more from this author."
9,"The cover was different from the photo on the website. A bit misleading."
10,"Fast shipping, solid packaging, and the book is in great condition. No complaints at all."